{
  "uniform": {
    "5": {
      "H0": {
        "n_features": 5000,
        "n_finite": 4999,
        "n_infinite": 1,
        "total_persistence": 7302.571216776967,
        "max_persistence": 5.700366020202637,
        "mean_persistence": 1.4608064046363207
      },
      "H1": {
        "n_features": 2383,
        "n_finite": 2383,
        "n_infinite": 0,
        "total_persistence": 934.6043617129326,
        "max_persistence": 6.746059417724609,
        "mean_persistence": 0.3921965428925441
      }
    },
    "10": {
      "H0": {
        "n_features": 4250,
        "n_finite": 4249,
        "n_infinite": 1,
        "total_persistence": 6057.485686421394,
        "max_persistence": 4.1835103034973145,
        "mean_persistence": 1.425626191202964
      },
      "H1": {
        "n_features": 1982,
        "n_finite": 1982,
        "n_infinite": 0,
        "total_persistence": 710.5602828264236,
        "max_persistence": 5.569578170776367,
        "mean_persistence": 0.35850670172877075
      }
    }
  },
  "length_stratified": {
    "5": {
      "H0": {
        "n_features": 5000,
        "n_finite": 4999,
        "n_infinite": 1,
        "total_persistence": 7238.979429706931,
        "max_persistence": 3.939000129699707,
        "mean_persistence": 1.4480855030419946
      },
      "H1": {
        "n_features": 2453,
        "n_finite": 2453,
        "n_infinite": 0,
        "total_persistence": 924.776830136776,
        "max_persistence": 7.964563369750977,
        "mean_persistence": 0.3769983000965251
      }
    },
    "10": {
      "H0": {
        "n_features": 4369,
        "n_finite": 4368,
        "n_infinite": 1,
        "total_persistence": 6202.9627077281475,
        "max_persistence": 3.286947727203369,
        "mean_persistence": 1.4200921949927077
      },
      "H1": {
        "n_features": 2051,
        "n_finite": 2051,
        "n_infinite": 0,
        "total_persistence": 740.6939181685448,
        "max_persistence": 4.515448093414307,
        "mean_persistence": 0.36113794157413204
      }
    }
  },
  "spatial_clustering": {
    "5": {
      "H0": {
        "n_features": 5000,
        "n_finite": 4999,
        "n_infinite": 1,
        "total_persistence": 7437.120166406035,
        "max_persistence": 6.4682111740112305,
        "mean_persistence": 1.4877215775967265
      },
      "H1": {
        "n_features": 2371,
        "n_finite": 2371,
        "n_infinite": 0,
        "total_persistence": 918.5375716686249,
        "max_persistence": 8.97592544555664,
        "mean_persistence": 0.3874051335590995
      }
    },
    "10": {
      "H0": {
        "n_features": 4092,
        "n_finite": 4091,
        "n_infinite": 1,
        "total_persistence": 5873.321682468057,
        "max_persistence": 3.382375717163086,
        "mean_persistence": 1.435668951959926
      },
      "H1": {
        "n_features": 1868,
        "n_finite": 1868,
        "n_infinite": 0,
        "total_persistence": 668.8861848115921,
        "max_persistence": 5.642174005508423,
        "mean_persistence": 0.3580761160661628
      }
    }
  },
  "density_based": {
    "5": {
      "H0": {
        "n_features": 5000,
        "n_finite": 4999,
        "n_infinite": 1,
        "total_persistence": 7733.5199288874865,
        "max_persistence": 5.75252628326416,
        "mean_persistence": 1.5470133884551884
      },
      "H1": {
        "n_features": 2278,
        "n_finite": 2278,
        "n_infinite": 0,
        "total_persistence": 970.8894407749176,
        "max_persistence": 6.188812255859375,
        "mean_persistence": 0.4262025639925011
      }
    },
    "10": {
      "H0": {
        "n_features": 5000,
        "n_finite": 4999,
        "n_infinite": 1,
        "total_persistence": 7169.07228204608,
        "max_persistence": 4.203023433685303,
        "mean_persistence": 1.434101276664549
      },
      "H1": {
        "n_features": 2379,
        "n_finite": 2379,
        "n_infinite": 0,
        "total_persistence": 851.4117461442947,
        "max_persistence": 7.790157318115234,
        "mean_persistence": 0.3578864002287914
      }
    }
  },
  "topology_preserving": {
    "5": {
      "H0": {
        "n_features": 5000,
        "n_finite": 4999,
        "n_infinite": 1,
        "total_persistence": 7434.421445950866,
        "max_persistence": 5.823704242706299,
        "mean_persistence": 1.4871817255352802
      },
      "H1": {
        "n_features": 2378,
        "n_finite": 2378,
        "n_infinite": 0,
        "total_persistence": 923.8343188762665,
        "max_persistence": 4.8372087478637695,
        "mean_persistence": 0.3884921441868236
      }
    },
    "10": {
      "H0": {
        "n_features": 4460,
        "n_finite": 4459,
        "n_infinite": 1,
        "total_persistence": 6357.874859988689,
        "max_persistence": 3.4497029781341553,
        "mean_persistence": 1.4258521776157635
      },
      "H1": {
        "n_features": 2120,
        "n_finite": 2120,
        "n_infinite": 0,
        "total_persistence": 739.406242609024,
        "max_persistence": 6.767917633056641,
        "mean_persistence": 0.3487765295325585
      }
    }
  }
}